"1","1990-01-13","Peri","Brenn","M","2017-11-07"
"2","1979-09-30","Millie","Charmine","F","2020-10-17"
"3","1995-10-25","Melisent","Kirbee","F","2021-01-10"
"4","1997-07-11","Celene","Saint","F","2021-02-08"
"5","1971-09-27","Ivett","Nisbet","F","2012-08-18"
"6","1999-08-11","Lucille","Matthew","M","2015-08-01"
"7","1986-03-31","Rosaline","Yuille","M","2020-10-01"
"8","1994-12-20","Gertrud","Plato","F","2021-01-24"
"9","1970-03-30","Brianna","Schlosser","F","2019-01-14"
"10","1975-05-28","Daune","Eben","M","2019-07-23"
"11","1986-02-22","Myriam","Moina","F","2020-09-20"
"12","1984-12-31","Perry","Marden","F","2019-06-16"
"13","1981-08-03","Phylis","Codding","M","2012-02-09"
"14","1999-04-29","Deloria","Laurianne","M","2015-06-02"
"15","1972-10-24","Lanna","MacIntosh","M","2016-11-26"
"16","1999-05-10","Lenna","Chauncey","M","2015-01-01"
"17","1988-12-28","Tonia","Mehalek","F","2019-09-30"
"18","1999-08-07","Jan","Mike","M","2015-08-31"
"19","1977-11-03","Jemie","Lea","M","2017-09-01"
"20","1995-10-03","Sharlene","My","F","2014-05-21"
"21","1995-07-05","Kara-Lynn","Lucienne","F","2015-09-06"
"22","1997-03-29","Tera","Libna","M","2015-01-13"
"23","1983-04-17","Ardenia","Carlson","F","2016-12-01"
"24","1984-04-10","Marleah","Odysseus","F","2013-04-17"
"25","1983-06-12","Gilligan","Honoria","M","2021-02-12"
"26","1989-06-20","Agnese","Vorster","M","2016-06-18"
"27","1980-09-14","Lanna","Norrie","F","2018-03-29"
"28","1981-07-08","Bertine","Ventre","M","2021-07-24"
"29","1970-03-21","Margalo","Nunci","M","2016-08-18"
"30","1975-04-04","Elbertina","Dimitris","M","2014-12-28"
"31","1987-04-20","Annora","Allina","F","2018-06-07"
"32","1979-10-29","Adelle","Gusella","F","2015-08-11"
"33","1979-12-23","Adele","Taam","M","2019-10-30"
"34","1996-03-17","Michaelina","Lattie","F","2013-07-05"
"35","1993-10-31","Wanda","Voletta","F","2015-02-05"
"36","1980-12-11","Tami","Adore","M","2014-01-19"
"37","1992-07-29","Sheelagh","Nikaniki","F","2016-05-11"
"38","1991-05-08","Nollie","Ranjiv","M","2014-05-20"
"39","1973-08-09","Charmaine","Olnee","F","2021-07-21"
"40","1972-10-10","Orsola","Borrell","M","2017-09-28"
"41","1991-07-28","Eolanda","Wooster","M","2012-04-03"
"42","1999-11-14","Margarette","Han","M","2014-10-03"
"43","1975-05-15","Dode","Oriana","M","2021-01-03"
"44","1972-10-22","Margarette","Bryna","M","2018-10-31"
"45","1991-10-05","Cathie","Eldrid","M","2013-11-23"
"46","1970-12-12","Ethel","Nester","F","2018-08-18"
"47","1986-01-08","Corene","Shanley","M","2017-01-08"
"48","1974-08-27","Jeanna","Ricki","M","2017-06-15"
"49","1970-03-17","Dyann","Tristram","M","2018-11-16"
"50","1993-04-25","Ketti","Lamoree","F","2012-09-13"
"51","1988-07-29","Louella","Amand","M","2019-09-23"
"52","1988-10-01","Corene","Ursulette","F","2016-05-31"
"53","1988-08-09","Debee","Lucienne","M","2018-03-17"
"54","1975-05-28","Alex","Rustice","M","2013-11-29"
"55","1984-10-17","Petronia","Faria","M","2021-10-29"
"56","1986-02-27","Gwenneth","Alva","M","2017-01-26"
"57","1986-05-16","Rosanne","Gale","F","2019-07-26"
"58","1971-10-29","Dotty","Rebecka","M","2018-07-15"
"59","1977-11-08","Cyb","Gillan","M","2019-08-03"
"60","1974-01-30","Annora","Sabella","F","2020-07-09"
"61","1977-11-17","Anthia","Alva","M","2014-06-22"
"62","1980-11-10","Clo","Raychel","F","2018-09-15"
"63","1998-06-08","Joelly","Emmy","F","2015-08-12"
"64","1992-07-12","Margette","Sekofski","M","2019-03-09"
"65","1996-12-16","Camile","Concha","F","2019-05-12"
"66","1993-10-11","Lanna","Byrne","F","2016-09-06"
"67","1986-11-07","Mahalia","Cyrie","F","2015-07-02"
"68","1982-02-21","Camile","Hylan","M","2016-09-05"
"69","1978-02-26","Doralynne","Bennie","M","2019-02-19"
"70","1976-05-16","Elise","Woodberry","F","2013-04-03"
"71","1998-05-05","Merci","Freddi","F","2014-01-23"
"72","1984-07-22","Farrah","Thomasina","F","2012-07-18"
"73","1986-03-11","Jenda","Norrie","F","2016-08-26"
"74","1986-11-30","Perry","Kathie","F","2015-05-21"
"75","1989-09-28","Molli","Alexandr","M","2015-07-02"
"76","1995-01-01","Queenie","Uund","M","2020-09-07"
"77","1995-03-20","Sandie","Schwejda","F","2013-09-19"
"78","1979-04-27","Rosene","Turne","F","2013-02-10"
"79","1980-07-04","Cacilie","Lia","F","2014-10-21"
"80","1991-08-28","Jenda","Old","F","2014-05-31"
"81","1979-05-23","Tami","Bergman","M","2020-09-23"
"82","1985-10-29","Jessy","Klemperer","F","2020-04-15"
"83","1998-08-31","Kimberley","Meli","F","2013-01-16"
"84","1985-07-26","Di","Kendrick","F","2014-10-07"
"85","1992-06-14","Emmey","Corilla","M","2012-03-06"
"86","1999-04-09","Laurene","Johnsson","F","2016-05-29"
"87","1970-05-02","Lita","Bury","M","2021-12-17"
"88","1979-06-27","Mildrid","Johnsson","M","2017-09-18"
"89","1996-03-10","Joleen","Selway","F","2013-08-10"
"90","1998-07-08","Nariko","Wittie","F","2012-09-04"
"91","1981-11-06","Bertine","Ovid","F","2020-10-10"
"92","1999-01-17","Michaelina","Carlson","F","2013-06-21"
"93","1975-04-14","Jordan","Tillford","F","2018-07-30"
"94","1991-06-17","Helsa","Trinetta","M","2019-12-05"
"95","1998-11-10","Shandie","Manolo","F","2019-06-26"
"96","1994-05-19","Charlena","Cottle","F","2019-12-01"
"97","1990-05-22","Lorenza","Gaynor","F","2013-09-21"
"98","1971-01-25","Sean","Eldrid","M","2020-08-26"
"99","1978-09-08","Valli","Chesna","M","2016-10-04"
"100","1994-07-28","Carmela","Havens","F","2016-06-11"