"id","birth_date","first_name","last_name","gender","hire_date"
"1","1975-04-02","Kary","Magdalen","M","2016-06-27"
"2","1988-01-01","Kalina","Raseda","M","2015-04-06"
"3","1995-07-15","Karolina","Allare","M","2012-03-04"
"4","1983-01-18","Wynne","Allys","F","2021-02-12"
"5","1986-08-01","Leontine","Yam","M","2018-01-01"
"6","1978-12-11","Oralee","Herrera","F","2013-04-18"
"7","1996-05-30","Dianemarie","Mozelle","F","2018-11-06"
"8","1976-08-31","Rebeca","Sacken","M","2015-05-31"
"9","1997-01-19","Brana","Pond","M","2019-07-06"
"10","1978-10-20","Aeriela","Hoenack","F","2021-09-25"
"11","1986-08-08","Aurelie","Shuler","F","2019-04-10"
"12","1992-06-28","Yetty","Schonfeld","M","2016-02-09"
"13","1990-03-29","Ottilie","Yorick","M","2016-11-17"
"14","1998-07-22","Sidoney","Alrich","M","2020-02-29"
"15","1984-05-16","Susette","Gower","F","2012-11-03"
"16","1972-12-30","Odessa","Taima","F","2019-04-01"
"17","1979-12-25","Lauryn","Jefferey","F","2012-02-01"
"18","1996-04-14","Nananne","Yam","F","2016-06-15"
"19","1985-04-19","Sallie","Manolo","M","2015-03-06"
"20","2001-07-13","Debee","Anselmi","M","2015-07-06"
"21","1990-09-02","Randa","Macey","F","2019-01-06"
"22","2003-07-13","Cecile","Korey","M","2016-12-16"
"23","1992-10-31","Dagmar","Gregrory","M","2015-08-04"
"24","1995-07-29","Tierney","Sinegold","M","2019-06-04"
"25","2001-07-21","Marline","Sheedy","M","2018-06-09"
"26","1975-01-31","Steffane","Gino","M","2021-11-14"
"27","1971-11-29","Beatriz","Hollingsworth","M","2019-01-27"
"28","1985-05-18","Frank","Phaidra","M","2020-05-06"
"29","1998-02-01","Riannon","Elo","M","2016-11-26"
"30","1981-06-22","Dorothy","Buffum","M","2014-05-12"
"31","2001-05-06","Ernesta","Lattie","M","2017-06-13"
"32","1999-02-15","Dyann","Stoller","M","2016-02-28"
"33","1992-10-29","Nollie","Taam","F","2017-05-14"
"34","1997-04-01","Aigneis","Bohlin","F","2014-01-19"
"35","1971-04-21","Leona","Leffen","M","2020-03-31"
"36","1991-10-05","Demetris","Corabella","M","2021-03-18"
"37","1981-01-03","Merci","Helfand","M","2021-07-16"
"38","1973-03-12","Valli","Jorgan","F","2021-08-11"
"39","1986-10-05","Roseline","Lynn","M","2015-12-25"
"40","1982-08-27","Iseabal","Edison","M","2018-12-23"
"41","1985-12-06","Lesly","Nance","F","2020-03-31"
"42","1992-08-11","Ida","Jotham","F","2020-11-29"
"43","1993-07-31","Kathy","Lenny","F","2019-06-24"
"44","2001-07-31","Reeba","Sasnett","F","2017-07-27"
"45","2000-03-06","Consuela","Bluh","M","2020-02-02"
"46","1995-03-21","Misha","Kat","M","2013-11-05"
"47","1984-10-16","Celestyna","Ursulette","F","2021-01-15"
"48","1997-07-05","Linet","Wandie","F","2019-12-19"
"49","1976-12-14","Vere","Wu","F","2021-02-25"
"50","1984-09-15","Arabel","Sidonius","M","2013-12-15"
"51","1996-05-10","Delilah","Mott","F","2013-07-18"
"52","1991-04-13","Caryl","Wilona","M","2014-03-11"
"53","1993-08-07","Ericka","Klotz","M","2013-04-28"
"54","1996-03-19","Ida","Maisey","F","2013-01-05"
"55","1976-06-23","Barbi","Christine","F","2014-03-06"
"56","1971-01-04","Aili","Fadiman","F","2014-01-16"
"57","1999-06-14","Allis","Screens","F","2017-06-08"
"58","1982-04-13","Frances","Alwin","F","2021-07-03"
"59","1975-08-09","Nessie","Blase","F","2016-12-05"
"60","1972-05-02","Nataline","Nance","M","2013-12-20"
"61","1987-01-10","Nonnah","Waite","M","2013-07-29"
"62","1985-08-22","Britte","Merna","M","2014-04-10"
"63","1992-03-18","Feliza","Kalinda","F","2017-05-31"
"64","1976-03-09","Nelle","Stover","F","2013-12-01"
"65","1997-03-28","Regina","Bevin","F","2013-03-29"
"66","1972-11-06","Fernande","Adlare","M","2017-08-28"
"67","1990-10-11","Maurene","Uird","F","2021-08-22"
"68","1995-05-06","Riannon","O'Rourke","M","2017-10-09"
"69","2002-10-15","Kelly","Fancie","F","2013-11-13"
"70","2003-03-10","Susette","Cyrie","M","2013-01-12"
"71","1977-12-07","Christal","Schalles","F","2021-11-28"
"72","1998-04-06","Jaclyn","Kinnard","M","2019-04-05"
"73","1979-09-02","Jenda","Clara","M","2020-10-25"
"74","1999-08-31","Belva","Fairweather","F","2019-05-30"
"75","1985-06-16","Merci","Liebermann","M","2012-06-01"
"76","1984-10-31","Valli","Obed","M","2013-01-07"
"77","2000-01-27","Aeriela","Francyne","M","2020-04-27"
"78","1978-09-19","Bill","Bury","F","2021-02-26"
"79","1995-03-14","Chickie","Ingra","M","2020-04-19"
"80","1999-12-23","Maridel","Waite","F","2021-12-13"
"81","1989-11-07","Roberta","Diogenes","F","2021-06-24"
"82","1972-07-01","Christian","Cassius","M","2018-06-19"
"83","1970-11-09","Ketti","Cyrie","M","2020-11-24"
"84","1976-12-05","Audrie","Hamil","M","2015-08-24"
"85","1996-01-12","Kaja","Korey","M","2017-12-17"
"86","1994-03-15","Vinita","Colyer","M","2012-06-11"
"87","1984-09-20","Ana","Alva","M","2019-06-04"
"88","1988-07-13","Almeta","Sprage","M","2012-06-02"
"89","2003-11-23","Cathyleen","Chick","F","2012-07-14"
"90","1971-05-31","Emmey","Zamora","M","2020-03-31"
"91","1972-05-19","Lynde","Arley","F","2016-02-28"
"92","1985-07-10","Netty","Moseley","M","2019-06-18"
"93","1976-08-15","Gabi","Torray","M","2015-07-21"
"94","2002-12-10","Danika","Drus","F","2017-09-29"
"95","1982-06-13","Karina","Junie","M","2019-07-09"
"96","1973-12-28","Chickie","Lissi","F","2019-06-08"
"97","1987-10-27","Catharine","Genna","M","2016-05-31"
"98","1975-08-30","Winifred","Marsden","F","2019-08-31"
"99","1984-03-08","Marita","Vary","F","2013-01-18"
"100","1971-06-03","Myriam","Tryck","F","2019-02-14"
"101","1986-09-04","Noelle","Maiah","M","2021-05-24"
"102","1976-10-28","Carmencita","Pozzy","F","2016-06-10"
"103","1970-10-10","Libbie","Strephon","M","2018-09-03"
"104","1997-07-04","Frances","Buckler","M","2015-04-11"
"105","1997-01-08","Fanchon","Hermes","F","2020-08-30"
"106","1997-06-12","Kenna","Francene","F","2020-01-03"
"107","1985-06-24","Jobi","Cosenza","M","2017-08-11"
"108","2001-06-27","Andree","Berne","F","2018-10-31"
"109","2003-02-13","Felice","Avi","M","2021-10-10"
"110","1986-10-13","Nerta","Nahum","F","2019-08-19"
"111","1999-02-13","Ebonee","Liva","F","2015-03-01"
"112","1971-02-16","Claresta","Chapland","F","2012-09-04"
"113","1974-12-09","Annecorinne","Saunderson","F","2014-07-12"
"114","1984-03-11","Emylee","Middleton","M","2016-04-02"
"115","1993-01-15","Candi","Durware","M","2021-07-04"
"116","1982-12-15","Katharina","Montgomery","M","2012-10-07"
"117","2001-05-28","Glenda","Jaylene","F","2015-11-18"
"118","1995-09-01","Emilia","Alva","F","2012-06-27"
"119","2000-01-16","Sybille","Fabiola","F","2021-10-13"
"120","1979-11-30","Shirlee","Sophronia","M","2016-02-11"
"121","1993-07-17","Addia","Taima","F","2021-06-27"
"122","1981-05-06","Pollyanna","Amasa","M","2014-02-17"
"123","2000-08-25","Mignon","Iiette","F","2021-11-10"
"124","1984-06-03","Ayn","Oscar","F","2020-04-10"
"125","1995-08-07","Ekaterina","Bahr","M","2019-05-22"
"126","2000-05-12","Regina","Ailyn","M","2018-05-20"
"127","1990-08-15","Coral","Friede","M","2012-06-08"
"128","1973-06-29","Belinda","Kauppi","F","2021-07-15"
"129","1996-10-04","Pollyanna","Demitria","M","2014-09-10"
"130","1975-01-30","Steffane","Freddi","F","2013-04-29"
"131","1996-02-04","Belinda","Poppy","F","2019-11-12"
"132","1984-01-10","Ernesta","Rona","F","2014-11-25"
"133","1995-01-11","Nikki","Pyle","M","2017-08-28"
"134","1988-11-28","Gabi","Madelene","F","2020-09-17"
"135","1975-04-16","Vita","Anis","M","2013-04-02"
"136","1984-10-30","Natka","August","M","2017-11-16"
"137","1993-04-25","Elvira","Dermott","F","2020-04-18"
"138","1975-09-05","Emmey","Tiffa","M","2015-09-20"
"139","1981-07-06","Kirstin","Gaal","M","2016-02-25"
"140","1991-11-07","Cherilyn","Philoo","M","2020-08-11"
"141","2002-12-14","Tami","Herrera","F","2019-06-03"
"142","2001-05-18","Jaclyn","Maxi","M","2020-03-14"
"143","1970-02-19","Jsandye","Presber","M","2013-09-07"
"144","1991-01-28","Joleen","Winthorpe","F","2013-10-16"
"145","1985-08-04","Lita","Thema","F","2015-09-10"
"146","1999-03-27","Nannie","Fosque","F","2013-11-29"
"147","1982-03-03","Kathy","Garrison","F","2015-02-27"
"148","1994-06-11","Corina","Diann","F","2021-11-27"
"149","1986-08-04","Mary","Brenn","F","2018-08-06"
"150","2001-06-14","Joy","Kussell","M","2017-09-28"
"151","1985-12-20","Ezmeralda","Goddard","M","2018-07-02"
"152","1970-04-27","Etta","Yusuk","F","2017-10-04"
"153","1997-07-19","Priscilla","Maples","M","2018-01-02"
"154","2001-04-25","Deedee","Cosenza","M","2018-07-02"
"155","1978-11-24","Pollyanna","McCutcheon","F","2014-10-22"
"156","1972-02-21","Ulrike","O'Carroll","M","2021-11-11"
"157","1978-08-20","Brena","Odysseus","F","2021-12-25"
"158","2002-09-08","Tori","Myrilla","M","2015-01-29"
"159","1981-08-10","Elbertina","Hollingsworth","F","2021-08-03"
"160","1992-01-09","Correy","Dom","F","2021-11-02"
"161","1980-11-11","Ida","Stoller","M","2019-06-01"
"162","1995-10-19","Hannis","Duwalt","F","2017-03-28"
"163","1979-01-14","Corene","Naashom","M","2014-01-20"
"164","1972-06-06","Hannis","Rudolph","F","2019-12-06"
"165","1987-09-09","Ricky","Bord","F","2014-12-10"
"166","1974-07-07","Correy","Valoniah","M","2015-06-08"
"167","1985-11-16","Dode","Capello","M","2015-08-05"
"168","2001-07-30","Kittie","Kevon","F","2021-08-03"
"169","1972-06-01","Cacilie","Maribeth","F","2018-05-03"
"170","1973-08-21","Evita","Lytton","M","2021-12-02"
"171","1992-07-05","Wendi","Melleta","M","2020-11-01"
"172","1977-06-12","Giustina","Lilas","F","2017-03-11"
"173","2001-10-24","Andree","Anselmi","F","2014-06-22"
"174","1994-06-09","Georgetta","Geffner","M","2014-10-20"
"175","1976-04-27","Verla","Kannry","M","2017-02-05"
"176","1986-07-13","Libbie","Greyson","F","2020-01-15"
"177","1983-04-10","Marguerite","Ummersen","M","2019-06-21"
"178","2003-11-22","Claresta","Gamaliel","F","2014-07-24"
"179","1999-11-03","Orelia","Ralfston","F","2017-05-01"
"180","1983-12-26","Ada","Campball","F","2014-03-23"
"181","1991-01-08","Layla","Cath","M","2017-10-02"
"182","1999-03-21","Janey","Eugenia","M","2018-05-22"
"183","1983-05-29","Leeanne","Frodi","F","2014-02-17"
"184","1979-03-05","Blondelle","Lauraine","M","2021-01-12"
"185","1977-07-31","Tami","Brandice","M","2012-06-24"
"186","1985-11-08","Maryellen","Gavrila","F","2014-12-23"
"187","1974-03-01","Kaja","Joeann","F","2021-10-23"
"188","1976-09-24","Lacie","Cassius","F","2014-11-04"
"189","1975-09-02","Ursulina","Fairweather","M","2013-08-05"
"190","1985-10-25","Sibella","Girardo","M","2015-05-04"
"191","1977-01-23","Sarette","Fleeta","M","2019-04-06"
"192","1975-03-10","Farrah","Annabella","F","2017-12-15"
"193","1976-09-12","Quintina","Talia","M","2018-04-04"
"194","1990-11-23","Danika","Brunell","M","2021-08-10"
"195","1978-01-14","Claudina","Atonsah","M","2019-05-11"
"196","2001-10-13","Nadine","Oscar","F","2015-08-18"
"197","1986-09-02","Theodora","Emanuel","M","2013-07-17"
"198","1996-05-01","Louella","Grayce","M","2017-12-13"
"199","1983-04-23","Jackie","Adalbert","M","2012-03-25"
"200","2002-07-19","Konstance","Carey","F","2017-05-02"
"201","1971-06-11","Anthia","Belldas","F","2012-10-13"
"202","1971-07-17","Ardys","Olin","M","2018-10-14"
"203","1987-02-28","Ofilia","Philoo","F","2014-09-17"
"204","1983-03-30","Madalyn","Longfellow","M","2021-02-20"
"205","2000-11-01","Cacilie","Lay","M","2014-04-16"
"206","1976-08-01","Joane","Terencio","M","2013-10-04"
"207","1990-12-09","Xylina","Goth","F","2012-05-14"
"208","2000-08-01","Layla","Constancy","F","2021-11-14"
"209","1996-01-03","Gilda","Zina","F","2012-07-24"
"210","1998-08-08","Ann-Marie","Barbey","F","2018-05-12"
"211","1984-11-25","Jenda","Barrus","F","2019-06-15"
"212","1982-03-16","Zaria","Burnside","M","2013-02-28"
"213","2000-12-14","Alisha","Johnsson","M","2020-03-02"
"214","1987-02-21","Adriana","Leary","F","2015-11-19"
"215","1973-02-03","Elora","Lucienne","M","2014-12-22"
"216","1974-06-06","Kaia","Natalia","F","2014-09-19"
"217","1971-03-07","Janis","Mintz","F","2014-12-27"
"218","2001-03-30","Rochette","Knowling","F","2014-09-04"
"219","1970-11-20","Kathi","Martguerita","F","2017-05-16"
"220","2002-06-22","Allis","Corrine","F","2016-04-17"
"221","1976-01-26","Agnese","Nance","M","2016-08-28"
"222","1998-07-17","Chickie","Mehalek","F","2017-09-29"
"223","1982-12-04","Kristina","Huggins","M","2021-10-30"
"224","1981-03-08","Tracey","Nea","F","2012-03-12"
"225","1978-08-27","Katuscha","Hoenack","M","2016-10-06"
"226","1998-03-04","Sashenka","Goldina","M","2017-11-27"
"227","1988-10-03","Jolyn","Bandeen","F","2017-11-26"
"228","1973-11-23","Aurelie","Schwejda","F","2017-07-19"
"229","1997-09-08","Annaliese","Keily","M","2021-07-28"
"230","1980-01-31","Angela","Salvidor","F","2018-08-05"
"231","1977-06-05","Leeanne","Avi","F","2016-11-15"
"232","1999-04-04","Jean","Lucienne","M","2017-03-13"
"233","1991-12-01","Celestyna","Tice","M","2015-07-25"
"234","1977-02-28","Bernardine","Alwin","F","2015-02-28"
"235","1980-03-24","Isa","Carbo","F","2019-10-30"
"236","1971-04-12","Ekaterina","Rona","M","2018-10-27"
"237","1973-07-20","Lusa","Schlosser","F","2017-06-01"
"238","1980-02-23","Desirae","Schwejda","M","2020-04-05"
"239","1987-03-31","Cathie","Tayib","M","2017-01-06"
"240","1991-03-25","Sharlene","Hunfredo","F","2018-09-13"
"241","1970-07-03","Jerry","Erskine","M","2021-04-05"
"242","1999-05-20","Cyb","Kaja","M","2018-05-28"
"243","2000-06-24","Margalo","Markman","M","2021-09-07"
"244","1982-06-22","Heddie","Tufts","F","2012-09-02"
"245","1983-05-16","Celisse","Nisbet","M","2014-01-09"
"246","1980-02-20","Zsa Zsa","Ciro","F","2021-04-26"
"247","1989-06-28","Mariele","Sholley","F","2020-02-18"
"248","1977-10-20","Christian","Koziara","M","2019-02-22"
"249","1985-04-17","Mignon","Parsaye","F","2013-02-07"
"250","1985-12-24","Tierney","Amethist","M","2020-12-29"
"251","2002-12-26","Joane","Gemini","F","2015-04-07"
"252","1999-05-24","Gretal","Jacqui","F","2019-07-28"
"253","1980-04-28","Leontine","Fiester","M","2020-10-01"
"254","1981-04-27","Pearline","Schroth","M","2015-08-26"
"255","1977-05-29","Teriann","Letsou","F","2018-05-16"
"256","1980-07-25","Ariela","Liva","F","2015-07-19"
"257","1991-07-14","Doralynne","Hoban","F","2020-08-02"
"258","1978-10-28","Mahalia","Pip","M","2021-06-19"
"259","1975-04-04","Margarette","Leffen","F","2017-03-09"
"260","1993-08-09","Nananne","Jillane","M","2018-09-17"
"261","1976-06-22","Mureil","Schonfeld","F","2013-09-15"
"262","1986-04-05","Elka","Narton","M","2012-12-10"
"263","1997-10-09","Lucy","Lory","M","2012-09-19"
"264","1997-04-18","Bertine","Pierette","F","2014-01-14"
"265","1990-02-21","Eolanda","Lea","F","2017-06-17"
"266","1999-05-19","Jere","Brittani","M","2017-02-06"
"267","1986-01-10","Fanny","Bearnard","M","2017-07-21"
"268","1987-05-16","Berta","Izaak","M","2021-10-01"
"269","1998-08-01","Sibella","Aaberg","F","2015-06-27"
"270","1985-12-13","Bertine","Taima","F","2019-07-10"
"271","1977-01-05","Justinn","Lumbard","M","2013-08-22"
"272","1985-08-02","Jenda","Zenas","F","2012-02-07"
"273","2000-12-29","Eolanda","Roarke","F","2020-08-15"
"274","1978-07-30","Kylynn","Johanna","M","2017-09-23"
"275","2001-05-17","Correy","Alfons","F","2019-11-09"
"276","1983-09-16","Demetris","Emanuel","M","2015-12-30"
"277","1998-01-12","Sibella","Oscar","F","2020-07-26"
"278","1974-04-17","Constance","Simmonds","M","2014-07-02"
"279","1975-04-05","Alisha","Rona","M","2021-01-13"
"280","1996-08-07","Katleen","Fillbert","F","2013-11-13"
"281","1971-06-26","Elora","Greenwald","M","2014-09-26"
"282","2000-04-29","Anica","Ferino","M","2015-10-18"
"283","1970-08-25","Justinn","Natica","F","2012-03-01"
"284","1997-05-06","Katharina","Bobbee","M","2018-12-19"
"285","2002-07-28","Myriam","Milson","F","2015-07-28"
"286","1989-01-07","Fidelia","Middleton","F","2016-07-03"
"287","1997-05-28","Ada","Yam","M","2014-10-03"
"288","1981-03-11","Micheline","Hanshaw","M","2021-07-16"
"289","1995-06-17","Kristina","Edvard","M","2020-01-27"
"290","2003-09-30","Kittie","Swigart","M","2017-12-31"
"291","1980-03-10","Cassandra","Lipson","F","2013-05-04"
"292","1996-08-20","Cassondra","Linehan","M","2020-11-14"
"293","1991-10-20","Iseabal","Ball","M","2015-12-28"
"294","1977-07-03","Melanie","Cohdwell","M","2017-07-28"
"295","1983-09-12","Kalina","Kronfeld","F","2013-02-06"
"296","1995-10-10","Selma","Ammann","F","2016-10-12"
"297","1987-12-25","Ekaterina","Jaylene","F","2014-09-09"
"298","1975-02-16","Shel","McGrody","F","2018-11-16"
"299","1983-01-27","Elsie","Odysseus","M","2016-03-12"
"300","1980-08-05","Almeta","Lea","F","2012-05-15"